round,slice,frame,object_ref,cell,what,why,severity,owner,rule_id,evidence,action,rules_version,note
r1_craft,B3-mid,adasind_128310.jpg,L5,na,IGNORE_SCOPE,,,,,,,,
r1_craft,B3-mid,adasind_128310.jpg,L4+R2,na,ATTRIBUTE,,,,,,,,
r1_craft,B3-mid,adasind_128310.jpg,R4,na,MISSING,,,,,,,,
r1_craft,B3-mid,adasind_140160.jpg,L4,na,IGNORE_SCOPE,,,,,,,,
r1_craft,B3-mid,adasind_140160.jpg,L3+R1,na,ATTRIBUTE,,,,,,,,
r1_craft,B3-mid,adasind_230910.jpg,L13,na,IGNORE_SCOPE,,,,,,,,
r1_craft,B3-mid,adasind_230910.jpg,L4+R11,na,BOX_GEOMETRY,,,,,,,,
r1_craft,B3-mid,adasind_230910.jpg,L9,na,SPURIOUS,,,,,,,,
r1_craft,B3-mid,adasind_230910.jpg,L11+R7,na,WRONG_CLASS,,,,,,,,
r1_craft,B3-mid,adasind_230910.jpg,L12+R5,na,WRONG_CLASS,,,,,,,,
r1_craft,B3-mid,adasind_230910.jpg,R10,na,MISSING,,,,,,,,
r3_diag,B3-mid,adasind_128310.jpg,L3+R5,LR_noM,MISSING,,,,,,,,
r3_diag,B3-mid,adasind_128310.jpg,R4+M6,RM_noL,MISSING,,,,,,,,
r3_diag,B3-mid,adasind_128310.jpg,M4,M_only,SPURIOUS,,,,,,,,
r3_diag,B3-mid,adasind_140160.jpg,L2+R3,LR_noM,MISSING,,,,,,,,
r3_diag,B3-mid,adasind_140160.jpg,M1,M_only,SPURIOUS,,,,,,,,
r3_diag,B3-mid,adasind_140160.jpg,M3,M_only,SPURIOUS,,,,,,,,
r3_diag,B3-mid,adasind_140160.jpg,M5,M_only,SPURIOUS,,,,,,,,
r3_diag,B3-mid,adasind_140160.jpg,M6,M_only,SPURIOUS,,,,,,,,
r3_diag,B3-mid,adasind_230910.jpg,L1+R8,LR_noM,MISSING,,,,,,,,
r3_diag,B3-mid,adasind_230910.jpg,L4,L_only,SPURIOUS,,,,,,,,
r3_diag,B3-mid,adasind_230910.jpg,L9,L_only,SPURIOUS,,,,,,,,
r3_diag,B3-mid,adasind_230910.jpg,L11+M9,LM_noR,SPURIOUS,,,,,,,,
r3_diag,B3-mid,adasind_230910.jpg,L12,L_only,SPURIOUS,,,,,,,,
r3_diag,B3-mid,adasind_230910.jpg,R5,R_only,MISSING,,,,,,,,
r3_diag,B3-mid,adasind_230910.jpg,R7,R_only,MISSING,,,,,,,,
r3_diag,B3-mid,adasind_230910.jpg,R10,R_only,MISSING,,,,,,,,
r3_diag,B3-mid,adasind_230910.jpg,R11,R_only,MISSING,,,,,,,,
r3_diag,B3-mid,adasind_230910.jpg,M8,M_only,SPURIOUS,,,,,,,,
